[
  {
    "platform" : "IPHONE",
    "searchTime" : "2020-02-19T16:42:40.002Z[UTC]",
    "searchQuery" : "steven bene",
    "searchInteractionURIs" : [
      "spotify:search:shows:steven%20bene"
    ]
  },
  {
    "platform" : "IPHONE",
    "searchTime" : "2020-02-22T18:48:48.662Z[UTC]",
    "searchQuery" : "dear mar",
    "searchInteractionURIs" : [
      "spotify:track:5Aq5TIy9jVK70aL7xcE9oa"
    ]
  },
  {
    "platform" : "DESKTOP",
    "searchTime" : "2020-02-24T19:53:09.988Z[UTC]",
    "searchQuery" : "video game",
    "searchInteractionURIs" : [
      "spotify:search:video%20game:playlists"
    ]
  },
  {
    "platform" : "DESKTOP",
    "searchTime" : "2020-02-24T19:54:09.319Z[UTC]",
    "searchQuery" : "video game study",
    "searchInteractionURIs" : [
      "spotify:search:video%20game%20study:playlists",
      "spotify:playlist:1y8TgqnCAhEis87VCU1Ydo",
      "spotify:playlist:3aI7ztMmDhMHhYe1KOPFLG",
      "spotify:search:video%20game%20study:playlists",
      "spotify:search:video%20game%20study:playlists"
    ]
  },
  {
    "platform" : "IPHONE",
    "searchTime" : "2020-02-27T16:39:18.241Z[UTC]",
    "searchQuery" : "cot",
    "searchInteractionURIs" : [
      ""
    ]
  },
  {
    "platform" : "IPHONE",
    "searchTime" : "2020-02-27T16:39:25.659Z[UTC]",
    "searchQuery" : "clint east",
    "searchInteractionURIs" : [
      "spotify:playlist:5lHj3C6DQK9sleA13nAS2j"
    ]
  },
  {
    "platform" : "DESKTOP",
    "searchTime" : "2020-02-27T17:46:31.440Z[UTC]",
    "searchQuery" : "video game music",
    "searchInteractionURIs" : [
      "spotify:playlist:7lv2JeRaHu2unEJgENSXoP",
      "spotify:search:video%20game%20music:playlists"
    ]
  },
  {
    "platform" : "IPHONE",
    "searchTime" : "2020-02-29T18:54:19.138Z[UTC]",
    "searchQuery" : "acous",
    "searchInteractionURIs" : [
      "spotify:playlist:37i9dQZF1DWXmlLSKkfdAk"
    ]
  },
  {
    "platform" : "IPHONE",
    "searchTime" : "2020-02-29T19:26:53.296Z[UTC]",
    "searchQuery" : "acous",
    "searchInteractionURIs" : [
      "spotify:playlist:37i9dQZF1DWXmlLSKkfdAk"
    ]
  },
  {
    "platform" : "DESKTOP",
    "searchTime" : "2020-03-01T19:30:47.818Z[UTC]",
    "searchQuery" : "billi",
    "searchInteractionURIs" : [
      "spotify:artist:6qqNVTkY8uBg9cP3Jd7DAH"
    ]
  },
  {
    "platform" : "DESKTOP",
    "searchTime" : "2020-03-02T11:28:32.042Z[UTC]",
    "searchQuery" : "bless this mess",
    "searchInteractionURIs" : [
    ]
  },
  {
    "platform" : "DESKTOP",
    "searchTime" : "2020-03-02T12:01:33.985Z[UTC]",
    "searchQuery" : "silver jew",
    "searchInteractionURIs" : [
      "spotify:artist:4ePunOqQbOYoQwd1298g3Z"
    ]
  },
  {
    "platform" : "DESKTOP",
    "searchTime" : "2020-03-05T15:54:01.045Z[UTC]",
    "searchQuery" : "allman brothers",
    "searchInteractionURIs" : [
      "spotify:artist:4wQ3PyMz3WwJGI5uEqHUVR"
    ]
  },
  {
    "platform" : "DESKTOP",
    "searchTime" : "2020-03-05T16:05:28.640Z[UTC]",
    "searchQuery" : "elvis costello new ams",
    "searchInteractionURIs" : [
      "spotify:artist:4qmHkMxr6pTWh5Zo74odpH",
      "spotify:track:0cUqdLp20Oz7zolsvB9oxS"
    ]
  },
  {
    "platform" : "DESKTOP",
    "searchTime" : "2020-03-05T16:11:38.488Z[UTC]",
    "searchQuery" : "car seat headrest",
    "searchInteractionURIs" : [
    ]
  },
  {
    "platform" : "IPHONE",
    "searchTime" : "2020-03-07T16:49:03.119Z[UTC]",
    "searchQuery" : "sedona",
    "searchInteractionURIs" : [
    ]
  },
  {
    "platform" : "IPHONE",
    "searchTime" : "2020-03-07T16:59:39.325Z[UTC]",
    "searchQuery" : "sedona",
    "searchInteractionURIs" : [
    ]
  },
  {
    "platform" : "IPHONE",
    "searchTime" : "2020-03-08T15:39:44.526Z[UTC]",
    "searchQuery" : "Blank Space/Stand By Me (Live From Spotify London)",
    "searchInteractionURIs" : [
      "spotify:track:3Dbgo1HE3DErIBNDIO4Hyd"
    ]
  },
  {
    "platform" : "IPHONE",
    "searchTime" : "2020-03-08T15:39:59.413Z[UTC]",
    "searchQuery" : "Girls Just Wanna Have Fun The Mayries",
    "searchInteractionURIs" : [
      "spotify:track:7rohDMzsbmSmol7sIZs0Px",
      "spotify:track:7rohDMzsbmSmol7sIZs0Px"
    ]
  },
  {
    "platform" : "IPHONE",
    "searchTime" : "2020-03-08T16:05:39.249Z[UTC]",
    "searchQuery" : "For Aisha (Featured In \"The Sky Is Pink\") MEMBA",
    "searchInteractionURIs" : [
      "spotify:track:6rfahvufEQDIVTHJIU2QQB",
      "spotify:track:6rfahvufEQDIVTHJIU2QQB"
    ]
  },
  {
    "platform" : "IPHONE",
    "searchTime" : "2020-03-08T16:05:54.155Z[UTC]",
    "searchQuery" : "Last Words The Real Tuesday Weld",
    "searchInteractionURIs" : [
      "spotify:track:2As8jV9qVbzgqNzG65IiH8",
      "spotify:track:2As8jV9qVbzgqNzG65IiH8"
    ]
  },
  {
    "platform" : "IPHONE",
    "searchTime" : "2020-03-08T16:06:13.120Z[UTC]",
    "searchQuery" : "How To Say Goodbye Paul Tiernan",
    "searchInteractionURIs" : [
      "spotify:track:4eO6lK0DFBuVA5hgB2B1uv",
      "spotify:track:4eO6lK0DFBuVA5hgB2B1uv",
      "spotify:track:4eO6lK0DFBuVA5hgB2B1uv"
    ]
  },
  {
    "platform" : "IPHONE",
    "searchTime" : "2020-03-08T16:12:41.247Z[UTC]",
    "searchQuery" : "Love Yourself, Out Of The Woods, Roses (Acoustic Mashup) Megan Davies",
    "searchInteractionURIs" : [
      "spotify:track:1rNuKbtlRfq7DBeLBSzrmz",
      "spotify:track:1rNuKbtlRfq7DBeLBSzrmz"
    ]
  },
  {
    "platform" : "IPHONE",
    "searchTime" : "2020-03-08T19:44:09.521Z[UTC]",
    "searchQuery" : "firl",
    "searchInteractionURIs" : [
      ""
    ]
  },
  {
    "platform" : "IPHONE",
    "searchTime" : "2020-03-08T19:44:14.980Z[UTC]",
    "searchQuery" : "girls just",
    "searchInteractionURIs" : [
      "spotify:track:2GwGoL1XlvuYPd6LkZVYB7"
    ]
  },
  {
    "platform" : "DESKTOP",
    "searchTime" : "2020-03-11T12:41:23.549Z[UTC]",
    "searchQuery" : "chomsky",
    "searchInteractionURIs" : [
      "spotify:search:chomsky:playlists"
    ]
  },
  {
    "platform" : "DESKTOP",
    "searchTime" : "2020-03-11T15:14:58.624Z[UTC]",
    "searchQuery" : "Power Hungry Animals THE APACHE RELAY",
    "searchInteractionURIs" : [
      "spotify:track:6GGl69m0iuZVMLBOtJ1QQI"
    ]
  },
  {
    "platform" : "IPHONE",
    "searchTime" : "2020-03-12T14:42:50.370Z[UTC]",
    "searchQuery" : "kanta",
    "searchInteractionURIs" : [
    ]
  },
  {
    "platform" : "IPHONE",
    "searchTime" : "2020-03-12T17:23:24.760Z[UTC]",
    "searchQuery" : "kantha ",
    "searchInteractionURIs" : [
    ]
  },
  {
    "platform" : "IPHONE",
    "searchTime" : "2020-03-12T17:23:45.366Z[UTC]",
    "searchQuery" : "kaanth",
    "searchInteractionURIs" : [
      "spotify:track:1GI7ANd73xnzbZrTlpT5TV",
      "spotify:track:1GI7ANd73xnzbZrTlpT5TV",
      "spotify:track:1GI7ANd73xnzbZrTlpT5TV",
      "spotify:playlist:50VGxm7U8RAkpL6JmvbAKy"
    ]
  },
  {
    "platform" : "DESKTOP",
    "searchTime" : "2020-03-13T12:14:49.028Z[UTC]",
    "searchQuery" : "kaantha",
    "searchInteractionURIs" : [
      "spotify:track:3X7n1jHWZJ2zAPFUIuUyvR"
    ]
  },
  {
    "platform" : "DESKTOP",
    "searchTime" : "2020-03-13T12:15:37.316Z[UTC]",
    "searchQuery" : "kaanthaa music mojo",
    "searchInteractionURIs" : [
    ]
  },
  {
    "platform" : "IPHONE",
    "searchTime" : "2020-03-15T12:10:06.559Z[UTC]",
    "searchQuery" : "anti ",
    "searchInteractionURIs" : [
      "spotify:playlist:37i9dQZF1DWWqNV5cS50j6"
    ]
  },
  {
    "platform" : "IPHONE",
    "searchTime" : "2020-03-18T07:32:29.725Z[UTC]",
    "searchQuery" : "haim",
    "searchInteractionURIs" : [
      "spotify:track:4JOkWaNiPjycCHgYuiJjzy",
      "spotify:track:4JOkWaNiPjycCHgYuiJjzy",
      "spotify:track:4JOkWaNiPjycCHgYuiJjzy"
    ]
  },
  {
    "platform" : "DESKTOP",
    "searchTime" : "2020-03-18T15:26:51.328Z[UTC]",
    "searchQuery" : "carole king tapestry",
    "searchInteractionURIs" : [
      "spotify:album:12n11cgnpjXKLeqrnIERoS",
      "spotify:album:12n11cgnpjXKLeqrnIERoS"
    ]
  },
  {
    "platform" : "DESKTOP",
    "searchTime" : "2020-03-19T07:24:00.765Z[UTC]",
    "searchQuery" : "carole king tapestry",
    "searchInteractionURIs" : [
    ]
  },
  {
    "platform" : "DESKTOP",
    "searchTime" : "2020-03-19T11:41:05.064Z[UTC]",
    "searchQuery" : "carole king tapestry",
    "searchInteractionURIs" : [
    ]
  },
  {
    "platform" : "DESKTOP",
    "searchTime" : "2020-03-19T13:01:36.240Z[UTC]",
    "searchQuery" : "carole king tapestry",
    "searchInteractionURIs" : [
    ]
  },
  {
    "platform" : "DESKTOP",
    "searchTime" : "2020-03-19T13:22:20.916Z[UTC]",
    "searchQuery" : "carole king tapestry",
    "searchInteractionURIs" : [
    ]
  },
  {
    "platform" : "IPHONE",
    "searchTime" : "2020-03-19T13:46:09.906Z[UTC]",
    "searchQuery" : "ye ladki hai",
    "searchInteractionURIs" : [
    ]
  },
  {
    "platform" : "IPHONE",
    "searchTime" : "2020-03-19T13:46:14.102Z[UTC]",
    "searchQuery" : "ye ladk",
    "searchInteractionURIs" : [
      ""
    ]
  },
  {
    "platform" : "IPHONE",
    "searchTime" : "2020-03-19T13:46:15.802Z[UTC]",
    "searchQuery" : "woh ",
    "searchInteractionURIs" : [
      "spotify:track:2tO0QPdCA0jgDBshTuYYkc"
    ]
  },
  {
    "platform" : "IPHONE",
    "searchTime" : "2020-03-19T13:58:26.353Z[UTC]",
    "searchQuery" : "backstre",
    "searchInteractionURIs" : [
      "spotify:artist:5rSXSAkZ67PYJSvpUpkOr7",
      ""
    ]
  },
  {
    "platform" : "IPHONE",
    "searchTime" : "2020-03-19T14:05:24.307Z[UTC]",
    "searchQuery" : "parikalpanaa",
    "searchInteractionURIs" : [
      ""
    ]
  },
  {
    "platform" : "IPHONE",
    "searchTime" : "2020-03-19T14:05:36.009Z[UTC]",
    "searchQuery" : "midnightblue",
    "searchInteractionURIs" : [
      "spotify:search:profiles:midnightblue"
    ]
  },
  {
    "platform" : "IPHONE",
    "searchTime" : "2020-03-19T14:05:39.679Z[UTC]",
    "searchQuery" : "midnightblue",
    "searchInteractionURIs" : [
      "spotify:user:mgzlcrhkqglsll4lkc40ra3mo",
      "spotify:user:parikalpanaa"
    ]
  },
  {
    "platform" : "DESKTOP",
    "searchTime" : "2020-03-21T07:26:10.276Z[UTC]",
    "searchQuery" : "ram sailee",
    "searchInteractionURIs" : [
    ]
  },
  {
    "platform" : "DESKTOP",
    "searchTime" : "2020-03-21T07:31:37.946Z[UTC]",
    "searchQuery" : "socks",
    "searchInteractionURIs" : [
      "spotify:playlist:6ZJUnCmRy6DW67urUFOewW"
    ]
  },
  {
    "platform" : "DESKTOP",
    "searchTime" : "2020-03-21T13:36:17.912Z[UTC]",
    "searchQuery" : "jeevan antony",
    "searchInteractionURIs" : [
      "",
      "spotify:artist:6Eqhd5dTXemZoWTuTfGDRP"
    ]
  },
  {
    "platform" : "DESKTOP",
    "searchTime" : "2020-03-21T13:36:53.519Z[UTC]",
    "searchQuery" : "ditty",
    "searchInteractionURIs" : [
      "spotify:artist:0oUsTn1Xs1BCHlRw1RGD7R",
      "spotify:playlist:37i9dQZF1DX8L7X8ygrKis"
    ]
  },
  {
    "platform" : "DESKTOP",
    "searchTime" : "2020-03-21T14:19:34.585Z[UTC]",
    "searchQuery" : "kciuQ",
    "searchInteractionURIs" : [
    ]
  },
  {
    "platform" : "DESKTOP",
    "searchTime" : "2020-03-21T14:20:26.894Z[UTC]",
    "searchQuery" : "Radiolab",
    "searchInteractionURIs" : [
      "spotify:show:2hmkzUtix0qTqvtpPcMzEL"
    ]
  },
  {
    "platform" : "DESKTOP",
    "searchTime" : "2020-03-21T20:59:03.344Z[UTC]",
    "searchQuery" : "The Lion's Song",
    "searchInteractionURIs" : [
      "spotify:album:0SzLpqlmGy9japekGU5s7n",
      "spotify:episode:3xHGkD2Z4MtpeYkrs4yCkV"
    ]
  },
  {
    "platform" : "IPHONE",
    "searchTime" : "2020-03-22T10:59:00.589Z[UTC]",
    "searchQuery" : "Maybe another",
    "searchInteractionURIs" : [
      "spotify:track:3XCU2WB2v2SXiNPphH2JZY",
      "spotify:track:3XCU2WB2v2SXiNPphH2JZY"
    ]
  },
  {
    "platform" : "DESKTOP",
    "searchTime" : "2020-03-25T16:45:05.796Z[UTC]",
    "searchQuery" : "thoda hai thode ki",
    "searchInteractionURIs" : [
      "spotify:track:4srUFRehwKyqiHs3BftUvu",
      "spotify:track:4srUFRehwKyqiHs3BftUvu",
      "spotify:track:4srUFRehwKyqiHs3BftUvu"
    ]
  },
  {
    "platform" : "DESKTOP",
    "searchTime" : "2020-03-28T13:09:39.727Z[UTC]",
    "searchQuery" : "vampire weekend",
    "searchInteractionURIs" : [
      "spotify:artist:5BvJzeQpmsdsFp4HGUYUEx"
    ]
  },
  {
    "platform" : "IPHONE",
    "searchTime" : "2020-03-29T10:32:36.999Z[UTC]",
    "searchQuery" : "his",
    "searchInteractionURIs" : [
      "spotify:track:0HMjXBAZmSYOTTi33WpMso",
      "spotify:track:0HMjXBAZmSYOTTi33WpMso"
    ]
  },
  {
    "platform" : "IPHONE",
    "searchTime" : "2020-03-30T14:03:35.774Z[UTC]",
    "searchQuery" : "workout hindi",
    "searchInteractionURIs" : [
      "spotify:playlist:5PB2EkSZWjhTsTe5PIBYeW",
      "spotify:playlist:4PjgvBj50rsTssr9VtVTr0"
    ]
  },
  {
    "platform" : "DESKTOP",
    "searchTime" : "2020-03-30T19:17:12.836Z[UTC]",
    "searchQuery" : "panic ",
    "searchInteractionURIs" : [
      "spotify:artist:20JZFwl6HVl6yg8a4H3ZqK"
    ]
  },
  {
    "platform" : "IPHONE",
    "searchTime" : "2020-04-01T07:36:35.488Z[UTC]",
    "searchQuery" : "bodhi co",
    "searchInteractionURIs" : [
      "spotify:show:5r0X51hknFqhvsaWBPyOTB"
    ]
  },
  {
    "platform" : "DESKTOP",
    "searchTime" : "2020-04-03T22:26:39.818Z[UTC]",
    "searchQuery" : "Release Radar",
    "searchInteractionURIs" : [
      "spotify:playlist:37i9dQZEVXbeLU375yhzlh"
    ]
  },
  {
    "platform" : "IPHONE",
    "searchTime" : "2020-04-04T13:52:58.738Z[UTC]",
    "searchQuery" : "sajda",
    "searchInteractionURIs" : [
      "spotify:track:5upmbnXemLfPvs3d2eyHml"
    ]
  },
  {
    "platform" : "IPHONE",
    "searchTime" : "2020-04-04T16:18:21.330Z[UTC]",
    "searchQuery" : "ajab si",
    "searchInteractionURIs" : [
      "spotify:track:5FXMRdJjKq1BIX4e8Eg9mK"
    ]
  },
  {
    "platform" : "DESKTOP",
    "searchTime" : "2020-04-04T19:53:27.627Z[UTC]",
    "searchQuery" : "deleter grouplove",
    "searchInteractionURIs" : [
      "spotify:track:2yH16s2lLbYtLziVwqw7Pf"
    ]
  },
  {
    "platform" : "DESKTOP",
    "searchTime" : "2020-04-06T09:27:37.535Z[UTC]",
    "searchQuery" : "saint motel",
    "searchInteractionURIs" : [
      "spotify:playlist:37i9dQZF1DZ06evO0FdJh6"
    ]
  },
  {
    "platform" : "IPHONE",
    "searchTime" : "2020-04-06T11:13:59.994Z[UTC]",
    "searchQuery" : "din shag",
    "searchInteractionURIs" : [
    ]
  },
  {
    "platform" : "DESKTOP",
    "searchTime" : "2020-04-06T17:06:33.362Z[UTC]",
    "searchQuery" : "noise",
    "searchInteractionURIs" : [
    ]
  },
  {
    "platform" : "DESKTOP",
    "searchTime" : "2020-04-06T17:06:53.884Z[UTC]",
    "searchQuery" : "noise",
    "searchInteractionURIs" : [
    ]
  },
  {
    "platform" : "DESKTOP",
    "searchTime" : "2020-04-06T19:15:20.367Z[UTC]",
    "searchQuery" : "noise  ",
    "searchInteractionURIs" : [
    ]
  },
  {
    "platform" : "DESKTOP",
    "searchTime" : "2020-04-06T19:17:40.916Z[UTC]",
    "searchQuery" : "noise   ",
    "searchInteractionURIs" : [
    ]
  },
  {
    "platform" : "DESKTOP",
    "searchTime" : "2020-04-06T19:29:28.562Z[UTC]",
    "searchQuery" : "noise    ",
    "searchInteractionURIs" : [
    ]
  },
  {
    "platform" : "IPHONE",
    "searchTime" : "2020-04-09T12:00:37.350Z[UTC]",
    "searchQuery" : "the joy of x",
    "searchInteractionURIs" : [
      "spotify:show:5HcCtKPH5gnOjRiMtTdC07",
      ""
    ]
  },
  {
    "platform" : "IPHONE",
    "searchTime" : "2020-04-09T12:02:14.340Z[UTC]",
    "searchQuery" : "Quanta",
    "searchInteractionURIs" : [
      "spotify:show:7oKXOpbHzbICFUcJNbZ5wF",
      "spotify:search:shows:Quanta"
    ]
  },
  {
    "platform" : "IPHONE",
    "searchTime" : "2020-04-09T12:56:12.290Z[UTC]",
    "searchQuery" : "patd",
    "searchInteractionURIs" : [
      "spotify:playlist:52TBSKtKK5BpPmQuIsVXnP"
    ]
  },
  {
    "platform" : "DESKTOP",
    "searchTime" : "2020-04-09T13:40:01.626Z[UTC]",
    "searchQuery" : "kaa",
    "searchInteractionURIs" : [
    ]
  },
  {
    "platform" : "DESKTOP",
    "searchTime" : "2020-04-09T13:40:37.757Z[UTC]",
    "searchQuery" : "kaantha",
    "searchInteractionURIs" : [
      "spotify:track:3X7n1jHWZJ2zAPFUIuUyvR"
    ]
  },
  {
    "platform" : "DESKTOP",
    "searchTime" : "2020-04-09T13:41:08.395Z[UTC]",
    "searchQuery" : "music mojo",
    "searchInteractionURIs" : [
      "spotify:playlist:7kLgEq0UgR5ZiyUfu7Ro8S",
      "spotify:playlist:7kLgEq0UgR5ZiyUfu7Ro8S",
      "spotify:search:music%20mojo:playlists"
    ]
  },
  {
    "platform" : "IPHONE",
    "searchTime" : "2020-04-09T18:02:31.829Z[UTC]",
    "searchQuery" : "kaantha",
    "searchInteractionURIs" : [
      "spotify:track:1GI7ANd73xnzbZrTlpT5TV",
      "spotify:track:3X7n1jHWZJ2zAPFUIuUyvR"
    ]
  },
  {
    "platform" : "DESKTOP",
    "searchTime" : "2020-04-10T16:29:35.458Z[UTC]",
    "searchQuery" : "8tracks",
    "searchInteractionURIs" : [
    ]
  },
  {
    "platform" : "DESKTOP",
    "searchTime" : "2020-04-10T18:01:45.824Z[UTC]",
    "searchQuery" : "American Idiot broadway",
    "searchInteractionURIs" : [
      "spotify:search:American%20Idiot%20broadway:albums"
    ]
  },
  {
    "platform" : "DESKTOP",
    "searchTime" : "2020-04-10T18:04:22.746Z[UTC]",
    "searchQuery" : "Hadestown",
    "searchInteractionURIs" : [
      "spotify:album:1J1yxODbNlqKbwRqJxYJUP"
    ]
  },
  {
    "platform" : "DESKTOP",
    "searchTime" : "2020-04-10T18:25:38.615Z[UTC]",
    "searchQuery" : "kuchh na kaho",
    "searchInteractionURIs" : [
      "spotify:playlist:4HMiRk0hv2cX6bbjPQFYDx",
      "spotify:playlist:3jeQnUDxGS0xE9OzDSuUVH"
    ]
  },
  {
    "platform" : "DESKTOP",
    "searchTime" : "2020-04-10T18:26:22.597Z[UTC]",
    "searchQuery" : "achchi",
    "searchInteractionURIs" : [
      "spotify:track:6BrUgCYsR5akVBAaRIUeWf"
    ]
  },
  {
    "platform" : "DESKTOP",
    "searchTime" : "2020-04-10T18:28:41.198Z[UTC]",
    "searchQuery" : "humdum",
    "searchInteractionURIs" : [
      "spotify:track:5eOpLQoSMiCsJZ1UZ93pWk"
    ]
  },
  {
    "platform" : "DESKTOP",
    "searchTime" : "2020-04-10T18:28:53.384Z[UTC]",
    "searchQuery" : "saathiya",
    "searchInteractionURIs" : [
      "spotify:track:3mXxksz4M6b8y71CRDzkVV"
    ]
  },
  {
    "platform" : "DESKTOP",
    "searchTime" : "2020-04-10T18:29:21.279Z[UTC]",
    "searchQuery" : "khuda",
    "searchInteractionURIs" : [
    ]
  },
  {
    "platform" : "DESKTOP",
    "searchTime" : "2020-04-10T18:30:03.165Z[UTC]",
    "searchQuery" : "lamber",
    "searchInteractionURIs" : [
    ]
  },
  {
    "platform" : "DESKTOP",
    "searchTime" : "2020-04-10T19:10:12.554Z[UTC]",
    "searchQuery" : "saathiya",
    "searchInteractionURIs" : [
    ]
  },
  {
    "platform" : "DESKTOP",
    "searchTime" : "2020-04-10T19:10:52.281Z[UTC]",
    "searchQuery" : "fanaa",
    "searchInteractionURIs" : [
      "spotify:playlist:2Tw1D3WHV7kPCV97Iz12ot",
      "spotify:playlist:3PoPS0jNd3GDRDdHuNAvse",
      "spotify:album:2L3NV5Fxjrj6mi59Gs5tUx"
    ]
  },
  {
    "platform" : "DESKTOP",
    "searchTime" : "2020-04-10T19:11:23.404Z[UTC]",
    "searchQuery" : "yuva ",
    "searchInteractionURIs" : [
      "spotify:album:2a1tA1wyFkHwHIxRQND6t6",
      "spotify:album:2a1tA1wyFkHwHIxRQND6t6"
    ]
  },
  {
    "platform" : "DESKTOP",
    "searchTime" : "2020-04-10T19:14:44.564Z[UTC]",
    "searchQuery" : "elay keechan ",
    "searchInteractionURIs" : [
      "spotify:track:2iXj3eyl9C6ZqCrVC5SJcR"
    ]
  },
  {
    "platform" : "DESKTOP",
    "searchTime" : "2020-04-10T19:30:40.878Z[UTC]",
    "searchQuery" : "muqabla",
    "searchInteractionURIs" : [
      "spotify:playlist:2x3yTt3Bi8Mg1I7WTmrKN5"
    ]
  },
  {
    "platform" : "DESKTOP",
    "searchTime" : "2020-04-10T19:32:41.331Z[UTC]",
    "searchQuery" : "beedi",
    "searchInteractionURIs" : [
      "spotify:playlist:5hGTzLlAvyDKMw2PKUWzhP"
    ]
  },
  {
    "platform" : "DESKTOP",
    "searchTime" : "2020-04-10T19:32:58.276Z[UTC]",
    "searchQuery" : "A r",
    "searchInteractionURIs" : [
    ]
  },
  {
    "platform" : "DESKTOP",
    "searchTime" : "2020-04-10T19:33:00.756Z[UTC]",
    "searchQuery" : "A.R",
    "searchInteractionURIs" : [
      "spotify:playlist:5NiKo8Js2fBlzIdtLz2TN2"
    ]
  },
  {
    "platform" : "DESKTOP",
    "searchTime" : "2020-04-10T19:35:52.295Z[UTC]",
    "searchQuery" : "mohit chuahan",
    "searchInteractionURIs" : [
      "spotify:playlist:342kiEot47PoCVvRLsZI3u",
      "spotify:playlist:37i9dQZF1DZ06evO3lynVo"
    ]
  },
  {
    "platform" : "DESKTOP",
    "searchTime" : "2020-04-10T19:37:56.254Z[UTC]",
    "searchQuery" : "muqabla",
    "searchInteractionURIs" : [
    ]
  },
  {
    "platform" : "DESKTOP",
    "searchTime" : "2020-04-10T19:45:11.939Z[UTC]",
    "searchQuery" : "the kooks",
    "searchInteractionURIs" : [
      "spotify:artist:1GLtl8uqKmnyCWxHmw9tL4"
    ]
  },
  {
    "platform" : "DESKTOP",
    "searchTime" : "2020-04-10T19:45:21.819Z[UTC]",
    "searchQuery" : "the kinks",
    "searchInteractionURIs" : [
      "spotify:artist:1SQRv42e4PjEYfPhS0Tk9E"
    ]
  },
  {
    "platform" : "DESKTOP",
    "searchTime" : "2020-04-10T19:50:05.380Z[UTC]",
    "searchQuery" : "dildara",
    "searchInteractionURIs" : [
      "spotify:playlist:0J99FWD07A1d1qVN5OPjKq"
    ]
  },
  {
    "platform" : "DESKTOP",
    "searchTime" : "2020-04-10T19:50:30.726Z[UTC]",
    "searchQuery" : "ra.one",
    "searchInteractionURIs" : [
      "spotify:playlist:2AOE5bSjbRj7AG1FZEt7Ck"
    ]
  },
  {
    "platform" : "DESKTOP",
    "searchTime" : "2020-04-10T19:55:06.395Z[UTC]",
    "searchQuery" : "Mu",
    "searchInteractionURIs" : [
      "spotify:local:::4.+Jack%27s+Mannequin+-+Dark+Blue+%5BOfficial+Music+Video%5D:248"
    ]
  },
  {
    "platform" : "DESKTOP",
    "searchTime" : "2020-04-10T20:06:33.328Z[UTC]",
    "searchQuery" : "delhi-6",
    "searchInteractionURIs" : [
      "spotify:album:2oEJvIPxiVWejbACLjq6Lh"
    ]
  },
  {
    "platform" : "DESKTOP",
    "searchTime" : "2020-04-10T20:09:44.059Z[UTC]",
    "searchQuery" : "bol na halke ",
    "searchInteractionURIs" : [
      "spotify:track:0u8wprNfOdcWpUlWnfMcpP"
    ]
  },
  {
    "platform" : "DESKTOP",
    "searchTime" : "2020-04-10T20:23:29.400Z[UTC]",
    "searchQuery" : "tu bin bataye",
    "searchInteractionURIs" : [
      "spotify:track:1jjSjma0cfNUhyOUzQqt6J"
    ]
  },
  {
    "platform" : "DESKTOP",
    "searchTime" : "2020-04-10T20:26:53.150Z[UTC]",
    "searchQuery" : "dil kyu",
    "searchInteractionURIs" : [
      "spotify:track:5nHwX7e5XHnie22nuTFgda"
    ]
  },
  {
    "platform" : "DESKTOP",
    "searchTime" : "2020-04-10T20:43:01.354Z[UTC]",
    "searchQuery" : "yaaram",
    "searchInteractionURIs" : [
      "spotify:track:5aNuuvbZROtlGww4rTOnqH"
    ]
  },
  {
    "platform" : "DESKTOP",
    "searchTime" : "2020-04-10T21:05:30.296Z[UTC]",
    "searchQuery" : "jaane tu ya jaane na",
    "searchInteractionURIs" : [
      "spotify:album:7J5iE51Mk97Mf0BjjwYXUZ"
    ]
  },
  {
    "platform" : "DESKTOP",
    "searchTime" : "2020-04-10T21:06:27.409Z[UTC]",
    "searchQuery" : "rockstar",
    "searchInteractionURIs" : [
      "spotify:album:3RZxrS2dDZlbsYtMRM89v8"
    ]
  },
  {
    "platform" : "DESKTOP",
    "searchTime" : "2020-04-10T21:07:01.932Z[UTC]",
    "searchQuery" : "delhi 6",
    "searchInteractionURIs" : [
      "spotify:album:2oEJvIPxiVWejbACLjq6Lh"
    ]
  },
  {
    "platform" : "DESKTOP",
    "searchTime" : "2020-04-10T21:10:15.816Z[UTC]",
    "searchQuery" : "humma",
    "searchInteractionURIs" : [
      "spotify:playlist:5lEb7K3MioU4VxptWGK94m",
      "spotify:playlist:2ZOt32s2iLL91YchnOq0p5",
      "spotify:search:humma:playlists"
    ]
  },
  {
    "platform" : "DESKTOP",
    "searchTime" : "2020-04-10T21:11:22.694Z[UTC]",
    "searchQuery" : "eel",
    "searchInteractionURIs" : [
    ]
  },
  {
    "platform" : "DESKTOP",
    "searchTime" : "2020-04-10T21:11:27.865Z[UTC]",
    "searchQuery" : "elay ",
    "searchInteractionURIs" : [
      "spotify:track:2iXj3eyl9C6ZqCrVC5SJcR"
    ]
  },
  {
    "platform" : "DESKTOP",
    "searchTime" : "2020-04-10T21:28:54.319Z[UTC]",
    "searchQuery" : "saamne aati ",
    "searchInteractionURIs" : [
      "spotify:track:1FQMlfLQbPS4zpUgqeJdKr"
    ]
  },
  {
    "platform" : "DESKTOP",
    "searchTime" : "2020-04-10T21:30:26.624Z[UTC]",
    "searchQuery" : "chalte chalte",
    "searchInteractionURIs" : [
      "spotify:album:5BlXGFX3wluU8qycnD36KD"
    ]
  },
  {
    "platform" : "DESKTOP",
    "searchTime" : "2020-04-10T21:33:38.294Z[UTC]",
    "searchQuery" : "Dev. D.",
    "searchInteractionURIs" : [
    ]
  },
  {
    "platform" : "DESKTOP",
    "searchTime" : "2020-04-10T21:33:53.873Z[UTC]",
    "searchQuery" : "Amit ",
    "searchInteractionURIs" : [
      "spotify:playlist:37i9dQZF1DZ06evO4yULNR"
    ]
  },
  {
    "platform" : "DESKTOP",
    "searchTime" : "2020-04-10T21:34:20.206Z[UTC]",
    "searchQuery" : "Emosan ",
    "searchInteractionURIs" : [
      "spotify:track:7iW9pTNgp2HtlRJinoYuiA"
    ]
  },
  {
    "platform" : "DESKTOP",
    "searchTime" : "2020-04-10T21:41:23.524Z[UTC]",
    "searchQuery" : "jhankar beats",
    "searchInteractionURIs" : [
      "spotify:playlist:0flgHA4Aqth0lYSY2MlLLk",
      "spotify:playlist:7u6aVEqGYYm9sl0Y9gl2IP"
    ]
  },
  {
    "platform" : "DESKTOP",
    "searchTime" : "2020-04-10T21:42:04.348Z[UTC]",
    "searchQuery" : "jhankaar beats",
    "searchInteractionURIs" : [
      "spotify:album:4yuwmFWvqSnCi2XaS13baP"
    ]
  },
  {
    "platform" : "DESKTOP",
    "searchTime" : "2020-04-10T21:43:04.415Z[UTC]",
    "searchQuery" : "KK",
    "searchInteractionURIs" : [
      "spotify:artist:4fEkbug6kZzzJ8eYX6Kbbp",
      "spotify:playlist:37i9dQZF1DZ06evO2uagOI"
    ]
  },
  {
    "platform" : "DESKTOP",
    "searchTime" : "2020-04-10T21:46:49Z[UTC]",
    "searchQuery" : "Jhankaa",
    "searchInteractionURIs" : [
      "spotify:album:4yuwmFWvqSnCi2XaS13baP"
    ]
  },
  {
    "platform" : "DESKTOP",
    "searchTime" : "2020-04-10T21:57:07.361Z[UTC]",
    "searchQuery" : "roop tera",
    "searchInteractionURIs" : [
    ]
  },
  {
    "platform" : "DESKTOP",
    "searchTime" : "2020-04-10T21:57:50.875Z[UTC]",
    "searchQuery" : "Thiruda",
    "searchInteractionURIs" : [
      "spotify:album:4ZainykpWQep1A7T7YHhK6"
    ]
  },
  {
    "platform" : "DESKTOP",
    "searchTime" : "2020-04-10T21:58:19.220Z[UTC]",
    "searchQuery" : "elay ",
    "searchInteractionURIs" : [
      "spotify:track:2iXj3eyl9C6ZqCrVC5SJcR"
    ]
  },
  {
    "platform" : "DESKTOP",
    "searchTime" : "2020-04-10T21:59:48.422Z[UTC]",
    "searchQuery" : "Marquee  ",
    "searchInteractionURIs" : [
      "spotify:track:7Me0vOSlJfaPY7Pc4GeItd"
    ]
  },
  {
    "platform" : "DESKTOP",
    "searchTime" : "2020-04-10T22:00:01.312Z[UTC]",
    "searchQuery" : "reddit  ",
    "searchInteractionURIs" : [
      "spotify:playlist:5kaYqnSEZmNYs5jh08jht4"
    ]
  },
  {
    "platform" : "DESKTOP",
    "searchTime" : "2020-04-10T23:07:55.727Z[UTC]",
    "searchQuery" : "Swades",
    "searchInteractionURIs" : [
      "spotify:album:72oHSx1OrxR0gig6JcVAEW"
    ]
  },
  {
    "platform" : "DESKTOP",
    "searchTime" : "2020-04-10T23:24:14.709Z[UTC]",
    "searchQuery" : "jodha",
    "searchInteractionURIs" : [
      "spotify:playlist:0694mu6ttI30RSIbxxsadw",
      "spotify:playlist:5ROGxgc9gHYk3jcNabCJ2W"
    ]
  },
  {
    "platform" : "DESKTOP",
    "searchTime" : "2020-04-10T23:24:14.884Z[UTC]",
    "searchQuery" : "jodhaa",
    "searchInteractionURIs" : [
      "spotify:playlist:1YeR9fPTMNopwoDUCcWzoO"
    ]
  },
  {
    "platform" : "DESKTOP",
    "searchTime" : "2020-04-10T23:25:18.878Z[UTC]",
    "searchQuery" : "Ajab ",
    "searchInteractionURIs" : [
      "spotify:playlist:49vDEqBpbR1yafyvzgi9XY"
    ]
  },
  {
    "platform" : "DESKTOP",
    "searchTime" : "2020-04-10T23:25:36.655Z[UTC]",
    "searchQuery" : "Ajab Prem",
    "searchInteractionURIs" : [
      "spotify:playlist:1KjDSxD3zz22y5OSThXY6E"
    ]
  },
  {
    "platform" : "DESKTOP",
    "searchTime" : "2020-04-10T23:27:39.110Z[UTC]",
    "searchQuery" : "Gunj ",
    "searchInteractionURIs" : [
    ]
  },
  {
    "platform" : "DESKTOP",
    "searchTime" : "2020-04-10T23:27:53.119Z[UTC]",
    "searchQuery" : "Death in The Gunj",
    "searchInteractionURIs" : [
      "spotify:album:5QtLy7ivxigkEdd6H8CxCS"
    ]
  },
  {
    "platform" : "DESKTOP",
    "searchTime" : "2020-04-10T23:32:33.948Z[UTC]",
    "searchQuery" : "maahi ve",
    "searchInteractionURIs" : [
    ]
  },
  {
    "platform" : "DESKTOP",
    "searchTime" : "2020-04-10T23:49:31.655Z[UTC]",
    "searchQuery" : "Talaash",
    "searchInteractionURIs" : [
      "spotify:album:7ASasKA02nhm5nI7tlZNjQ"
    ]
  },
  {
    "platform" : "DESKTOP",
    "searchTime" : "2020-04-11T00:18:05.873Z[UTC]",
    "searchQuery" : "mohab",
    "searchInteractionURIs" : [
      "spotify:playlist:67Q5GV7Khyf6E1J4htE6jD"
    ]
  },
  {
    "platform" : "DESKTOP",
    "searchTime" : "2020-04-11T00:18:26.068Z[UTC]",
    "searchQuery" : "mohabbatein",
    "searchInteractionURIs" : [
      "spotify:track:7pwyUQoRMsTpO4ew0l9c0E"
    ]
  },
  {
    "platform" : "DESKTOP",
    "searchTime" : "2020-04-11T00:21:28.871Z[UTC]",
    "searchQuery" : "aankhein khuli ",
    "searchInteractionURIs" : [
      "spotify:playlist:5h9ouOXHpldH5UFOFkW97A",
      "spotify:playlist:7b8m2QIus5uIhKdniRzoQD",
      "spotify:playlist:13SUR6S217Ppx6WGVpPkhI"
    ]
  },
  {
    "platform" : "DESKTOP",
    "searchTime" : "2020-04-11T00:23:44.709Z[UTC]",
    "searchQuery" : "ude jab",
    "searchInteractionURIs" : [
    ]
  },
  {
    "platform" : "DESKTOP",
    "searchTime" : "2020-04-11T00:40:37.642Z[UTC]",
    "searchQuery" : "chup chup",
    "searchInteractionURIs" : [
      "spotify:track:2C6l8EGcbfcLXu0mWfAadB"
    ]
  },
  {
    "platform" : "DESKTOP",
    "searchTime" : "2020-04-11T00:43:25.152Z[UTC]",
    "searchQuery" : "saathiya",
    "searchInteractionURIs" : [
      "spotify:track:3mXxksz4M6b8y71CRDzkVV",
      "spotify:playlist:6D2EDTCEK7VQqOR9EWrNj3"
    ]
  },
  {
    "platform" : "DESKTOP",
    "searchTime" : "2020-04-11T00:46:46.771Z[UTC]",
    "searchQuery" : "chhalka",
    "searchInteractionURIs" : [
      "spotify:playlist:5vL9PFjX2IWG1SkHZC4xzM",
      "spotify:track:1xf8CRmSxglu1ikMhmdAiq"
    ]
  },
  {
    "platform" : "DESKTOP",
    "searchTime" : "2020-04-11T00:53:03.757Z[UTC]",
    "searchQuery" : "yuva",
    "searchInteractionURIs" : [
      "spotify:album:2a1tA1wyFkHwHIxRQND6t6"
    ]
  },
  {
    "platform" : "DESKTOP",
    "searchTime" : "2020-04-11T00:55:47.212Z[UTC]",
    "searchQuery" : "elay",
    "searchInteractionURIs" : [
      "spotify:track:2iXj3eyl9C6ZqCrVC5SJcR"
    ]
  },
  {
    "platform" : "DESKTOP",
    "searchTime" : "2020-04-11T16:01:42.505Z[UTC]",
    "searchQuery" : "waiting",
    "searchInteractionURIs" : [
    ]
  },
  {
    "platform" : "DESKTOP",
    "searchTime" : "2020-04-11T16:02:22.750Z[UTC]",
    "searchQuery" : "yaaram",
    "searchInteractionURIs" : [
      "spotify:track:5aNuuvbZROtlGww4rTOnqH"
    ]
  },
  {
    "platform" : "IPHONE",
    "searchTime" : "2020-04-13T06:09:21.671Z[UTC]",
    "searchQuery" : "elay",
    "searchInteractionURIs" : [
      "spotify:track:2iXj3eyl9C6ZqCrVC5SJcR"
    ]
  },
  {
    "platform" : "DESKTOP",
    "searchTime" : "2020-04-13T15:03:05.454Z[UTC]",
    "searchQuery" : "consolation",
    "searchInteractionURIs" : [
      "spotify:album:1ASB0HSF49nX992IpOqRkX"
    ]
  },
  {
    "platform" : "DESKTOP",
    "searchTime" : "2020-04-13T15:03:22.621Z[UTC]",
    "searchQuery" : "consolation prizes",
    "searchInteractionURIs" : [
      "spotify:track:5yakRZmZ20eaZ1J4nDgQhN"
    ]
  },
  {
    "platform" : "DESKTOP",
    "searchTime" : "2020-04-13T15:16:11.374Z[UTC]",
    "searchQuery" : "milky",
    "searchInteractionURIs" : [
      "spotify:track:2jiPHbFX5XM8TjaTfYJ0eo"
    ]
  },
  {
    "platform" : "DESKTOP",
    "searchTime" : "2020-04-13T17:59:21.385Z[UTC]",
    "searchQuery" : "Kadal",
    "searchInteractionURIs" : [
      "spotify:album:3j8iyHi0RxqLLV97ZGOCPm"
    ]
  },
  {
    "platform" : "DESKTOP",
    "searchTime" : "2020-04-13T18:01:42.407Z[UTC]",
    "searchQuery" : "thiruda thiruda",
    "searchInteractionURIs" : [
      "spotify:album:4ZainykpWQep1A7T7YHhK6",
      "spotify:album:4ZainykpWQep1A7T7YHhK6"
    ]
  },
  {
    "platform" : "DESKTOP",
    "searchTime" : "2020-04-14T16:46:16.561Z[UTC]",
    "searchQuery" : "venky ",
    "searchInteractionURIs" : [
    ]
  },
  {
    "platform" : "DESKTOP",
    "searchTime" : "2020-04-15T20:35:52.917Z[UTC]",
    "searchQuery" : "tales of hoffman",
    "searchInteractionURIs" : [
      "spotify:album:14KKUdntFAQY36ZC4gytJh"
    ]
  },
  {
    "platform" : "IPHONE",
    "searchTime" : "2020-04-16T13:09:05.316Z[UTC]",
    "searchQuery" : "Hades",
    "searchInteractionURIs" : [
      "spotify:album:1J1yxODbNlqKbwRqJxYJUP"
    ]
  },
  {
    "platform" : "DESKTOP",
    "searchTime" : "2020-04-16T20:56:44.053Z[UTC]",
    "searchQuery" : "fav",
    "searchInteractionURIs" : [
    ]
  },
  {
    "platform" : "DESKTOP",
    "searchTime" : "2020-04-16T21:21:54.591Z[UTC]",
    "searchQuery" : "Anaïs Mitchell",
    "searchInteractionURIs" : [
      "spotify:artist:7K5Lm5dxoEwEpOS0Fc3l3s"
    ]
  },
  {
    "platform" : "DESKTOP",
    "searchTime" : "2020-04-16T21:26:44.099Z[UTC]",
    "searchQuery" : "band's",
    "searchInteractionURIs" : [
      "spotify:playlist:2bNCKrUbRhVQLKwylaE0uS",
      "spotify:playlist:2bNCKrUbRhVQLKwylaE0uS"
    ]
  },
  {
    "platform" : "DESKTOP",
    "searchTime" : "2020-04-16T21:27:38.321Z[UTC]",
    "searchQuery" : "American Idiot",
    "searchInteractionURIs" : [
      "spotify:track:6nTiIhLmQ3FWhvrGafw2zj"
    ]
  },
  {
    "platform" : "DESKTOP",
    "searchTime" : "2020-04-18T21:29:33.352Z[UTC]",
    "searchQuery" : "the kids dont stand a chance",
    "searchInteractionURIs" : [
      "spotify:track:69oAflKTaF6WOhvRe3y4qW",
      "spotify:track:69oAflKTaF6WOhvRe3y4qW"
    ]
  },
  {
    "platform" : "DESKTOP",
    "searchTime" : "2020-04-21T11:18:46.631Z[UTC]",
    "searchQuery" : "venkylikesindieshi",
    "searchInteractionURIs" : [
      "spotify:user:312cw4psab7qcxsvwtghuzqkdkui"
    ]
  },
  {
    "platform" : "DESKTOP",
    "searchTime" : "2020-04-21T11:29:26.245Z[UTC]",
    "searchQuery" : "acvenkylikesindieshi",
    "searchInteractionURIs" : [
    ]
  },
  {
    "platform" : "DESKTOP",
    "searchTime" : "2020-04-21T11:29:34.191Z[UTC]",
    "searchQuery" : "car seat",
    "searchInteractionURIs" : [
      "spotify:playlist:37i9dQZF1DZ06evO3qQIQo"
    ]
  },
  {
    "platform" : "DESKTOP",
    "searchTime" : "2020-04-22T18:48:45.229Z[UTC]",
    "searchQuery" : "fiona apple",
    "searchInteractionURIs" : [
      "spotify:artist:3g2kUQ6tHLLbmkV7T4GPtL"
    ]
  },
  {
    "platform" : "DESKTOP",
    "searchTime" : "2020-04-22T18:58:02.211Z[UTC]",
    "searchQuery" : "patti smith",
    "searchInteractionURIs" : [
      "spotify:artist:0vYkHhJ48Bs3jWcvZXvOrP"
    ]
  },
  {
    "platform" : "DESKTOP",
    "searchTime" : "2020-04-23T19:16:59.078Z[UTC]",
    "searchQuery" : "Gone Again",
    "searchInteractionURIs" : [
      "spotify:album:70BHwvG9ikXsffsWfHrWzi"
    ]
  },
  {
    "platform" : "DESKTOP",
    "searchTime" : "2020-04-24T11:37:15.674Z[UTC]",
    "searchQuery" : "chilled cow",
    "searchInteractionURIs" : [
      "spotify:playlist:4sNgAu89gfGRJD6NhyNvnK"
    ]
  },
  {
    "platform" : "IPHONE",
    "searchTime" : "2020-04-28T20:39:18.874Z[UTC]",
    "searchQuery" : "ishaa",
    "searchInteractionURIs" : [
      "spotify:search:profiles:ishaa"
    ]
  },
  {
    "platform" : "DESKTOP",
    "searchTime" : "2020-04-29T14:16:56.907Z[UTC]",
    "searchQuery" : "Armistice",
    "searchInteractionURIs" : [
      "spotify:track:4Xj1c80iHxUeog2hHB55iw"
    ]
  },
  {
    "platform" : "DESKTOP",
    "searchTime" : "2020-04-29T17:31:40.984Z[UTC]",
    "searchQuery" : "playdate",
    "searchInteractionURIs" : [
      "spotify:episode:7AoHQD6iMGEOox6R0JsWkK",
      "spotify:track:4gtHAftw3sYNEocr0gf8Nm"
    ]
  },
  {
    "platform" : "DESKTOP",
    "searchTime" : "2020-04-29T17:32:31.923Z[UTC]",
    "searchQuery" : "play date",
    "searchInteractionURIs" : [
      "spotify:track:5oDa9TpatXwG8JNPUE988c"
    ]
  },
  {
    "platform" : "DESKTOP",
    "searchTime" : "2020-04-29T17:37:36.280Z[UTC]",
    "searchQuery" : "Armistice",
    "searchInteractionURIs" : [
    ]
  },
  {
    "platform" : "DESKTOP",
    "searchTime" : "2020-04-29T17:37:40.956Z[UTC]",
    "searchQuery" : "wolfgang",
    "searchInteractionURIs" : [
      "spotify:search:wolfgang:albums"
    ]
  },
  {
    "platform" : "IPHONE",
    "searchTime" : "2020-05-01T13:51:54.398Z[UTC]",
    "searchQuery" : "work out",
    "searchInteractionURIs" : [
      "spotify:genre:workout",
      ""
    ]
  },
  {
    "platform" : "IPHONE",
    "searchTime" : "2020-05-01T14:00:51.269Z[UTC]",
    "searchQuery" : "jaago",
    "searchInteractionURIs" : [
      "spotify:track:0zyhmMx0b3CFDfyOuh2ZmC",
      ""
    ]
  },
  {
    "platform" : "IPHONE",
    "searchTime" : "2020-05-01T14:26:25.941Z[UTC]",
    "searchQuery" : "choga",
    "searchInteractionURIs" : [
      "spotify:track:4ymPEyiXabTe1NO8q8EFxG"
    ]
  },
  {
    "platform" : "DESKTOP",
    "searchTime" : "2020-05-04T12:11:15.501Z[UTC]",
    "searchQuery" : "glass animals ",
    "searchInteractionURIs" : [
      "spotify:artist:4yvcSjfu4PC0CYQyLy4wSq"
    ]
  },
  {
    "platform" : "DESKTOP",
    "searchTime" : "2020-05-04T12:20:11.737Z[UTC]",
    "searchQuery" : "venkyloves",
    "searchInteractionURIs" : [
    ]
  },
  {
    "platform" : "DESKTOP",
    "searchTime" : "2020-05-04T12:20:16.606Z[UTC]",
    "searchQuery" : "raktim",
    "searchInteractionURIs" : [
    ]
  },
  {
    "platform" : "DESKTOP",
    "searchTime" : "2020-05-04T12:35:16.993Z[UTC]",
    "searchQuery" : "hselhsa",
    "searchInteractionURIs" : [
    ]
  },
  {
    "platform" : "DESKTOP",
    "searchTime" : "2020-05-04T12:35:20.406Z[UTC]",
    "searchQuery" : "fjd",
    "searchInteractionURIs" : [
    ]
  },
  {
    "platform" : "DESKTOP",
    "searchTime" : "2020-05-04T12:35:28.277Z[UTC]",
    "searchQuery" : "ashlesha ",
    "searchInteractionURIs" : [
      "spotify:search:ashlesha%20:profiles"
    ]
  },
  {
    "platform" : "DESKTOP",
    "searchTime" : "2020-05-04T12:36:13.207Z[UTC]",
    "searchQuery" : "glass animales",
    "searchInteractionURIs" : [
      "spotify:playlist:76yEju1OsZ3IqYDRG3Z3hb",
      "spotify:playlist:5HJRY0T5pwxsL3kyBrwE2P",
      "spotify:playlist:5HJRY0T5pwxsL3kyBrwE2P",
      "spotify:playlist:5HJRY0T5pwxsL3kyBrwE2P"
    ]
  },
  {
    "platform" : "IPHONE",
    "searchTime" : "2020-05-04T13:39:45.668Z[UTC]",
    "searchQuery" : "dreamla",
    "searchInteractionURIs" : [
      "spotify:track:5Bkw0lMhwk8tF4kMgCCJLv",
      "spotify:album:1YuD9tjpVMRbSmWDfOiyem"
    ]
  },
  {
    "platform" : "IPHONE",
    "searchTime" : "2020-05-04T15:19:02.045Z[UTC]",
    "searchQuery" : "glass",
    "searchInteractionURIs" : [
      "spotify:playlist:3mKkfbDOsB2peFPEOs63pT"
    ]
  },
  {
    "platform" : "IPHONE",
    "searchTime" : "2020-05-07T14:16:01.987Z[UTC]",
    "searchQuery" : "workout",
    "searchInteractionURIs" : [
      "spotify:playlist:37i9dQZF1DX3wwp27Epwn5",
      "spotify:playlist:7AiuMp1D8Hli18nyTbriZ9"
    ]
  },
  {
    "platform" : "DESKTOP",
    "searchTime" : "2020-05-08T07:17:04.320Z[UTC]",
    "searchQuery" : "lizzo",
    "searchInteractionURIs" : [
    ]
  },
  {
    "platform" : "DESKTOP",
    "searchTime" : "2020-05-09T20:10:53.174Z[UTC]",
    "searchQuery" : "Aashka",
    "searchInteractionURIs" : [
      "spotify:search:Aashka:profiles",
      "spotify:user:aashka.a"
    ]
  },
  {
    "platform" : "DESKTOP",
    "searchTime" : "2020-05-09T20:11:20.373Z[UTC]",
    "searchQuery" : "Asshka",
    "searchInteractionURIs" : [
    ]
  },
  {
    "platform" : "DESKTOP",
    "searchTime" : "2020-05-09T20:11:47.534Z[UTC]",
    "searchQuery" : "Ashlesha Deshmukh",
    "searchInteractionURIs" : [
    ]
  },
  {
    "platform" : "DESKTOP",
    "searchTime" : "2020-05-09T20:11:55.373Z[UTC]",
    "searchQuery" : "venkylikes",
    "searchInteractionURIs" : [
      "spotify:user:312cw4psab7qcxsvwtghuzqkdkui"
    ]
  },
  {
    "platform" : "IPHONE",
    "searchTime" : "2020-05-12T16:46:38.304Z[UTC]",
    "searchQuery" : "kar gay",
    "searchInteractionURIs" : [
      "spotify:track:3BhjbaGeI7E0CiIjctfdD3"
    ]
  },
  {
    "platform" : "DESKTOP",
    "searchTime" : "2020-05-12T22:34:24.501Z[UTC]",
    "searchQuery" : "Wang Chung - Dance Hall Days",
    "searchInteractionURIs" : [
      "spotify:track:41OIyMJsSFMjdjZjL4tHEx",
      "spotify:track:6Nynv9NzuNtmhbb7Rdc0a7",
      "spotify:search:Wang%20Chung%20-%20Dance%20Hall%20Days:tracks"
    ]
  },
  {
    "platform" : "DESKTOP",
    "searchTime" : "2020-05-12T22:36:08.037Z[UTC]",
    "searchQuery" : "Wang Chung",
    "searchInteractionURIs" : [
      "spotify:playlist:37i9dQZF1DZ06evO48eyCV"
    ]
  },
  {
    "platform" : "DESKTOP",
    "searchTime" : "2020-05-12T22:36:55.350Z[UTC]",
    "searchQuery" : "Wang Chung ",
    "searchInteractionURIs" : [
      "spotify:track:41OIyMJsSFMjdjZjL4tHEx"
    ]
  },
  {
    "platform" : "DESKTOP",
    "searchTime" : "2020-05-12T22:37:34.205Z[UTC]",
    "searchQuery" : "Wang Chung Dance Ha",
    "searchInteractionURIs" : [
      "spotify:track:28uHDku5kp3tF6sGc6JNEL"
    ]
  },
  {
    "platform" : "DESKTOP",
    "searchTime" : "2020-05-13T11:47:21.578Z[UTC]",
    "searchQuery" : "vVi",
    "searchInteractionURIs" : [
    ]
  },
  {
    "platform" : "DESKTOP",
    "searchTime" : "2020-05-13T11:47:24.183Z[UTC]",
    "searchQuery" : "Vice ",
    "searchInteractionURIs" : [
      "spotify:playlist:21X5IxrUdFn8BJzxUr4OKM"
    ]
  }
]